variable,category,detail,links,sources
mip/air_pressure_at_sea_level,CF name in MIP space,not defined as a CF variable either; alias of `air_pressure_at_mean_sea_level`,669,ukcp18 (669)
mip/subsurface_runoff_flux,CF name in MIP space,`variables/cf/subsurface_runoff_flux` is defined,31,ukcp18 (31)
mip/air_temperature,CF name in MIP space,`variables/cf/air_temperature` is defined,4,ukcp18 (4)
mip/change_in_mean_sea_level_wrt_solid_surface,CF name in MIP space,`variables/cf/change_in_mean_sea_level_wrt_solid_surface` is defined,2,mohc-cvs (2)
mip/sea_surface_height_above_geoid,CF name in MIP space,`variables/cf/sea_surface_height_above_geoid` is defined,2,mohc-cvs (2)
mip/sea_surface_height_above_geopotential_datum,CF name in MIP space,`variables/cf/sea_surface_height_above_geopotential_datum` is defined,2,mohc-cvs (2)
mip/sea_surface_height_above_mean_sea_level,CF name in MIP space,`variables/cf/sea_surface_height_above_mean_sea_level` is defined,2,mohc-cvs (2)
mip/sea_surface_height_above_reference_ellipsoid,CF name in MIP space,`variables/cf/sea_surface_height_above_reference_ellipsoid` is defined,2,mohc-cvs (2)
mip/tidal_sea_surface_height_above_lowest_astronomical_tide,CF name in MIP space,`variables/cf/tidal_sea_surface_height_above_lowest_astronomical_tide` is defined,1,mohc-cvs (1)
mip/tidal_sea_surface_height_above_mean_higher_high_water,CF name in MIP space,`variables/cf/tidal_sea_surface_height_above_mean_higher_high_water` is defined,1,mohc-cvs (1)
mip/tidal_sea_surface_height_above_mean_lower_low_water,CF name in MIP space,`variables/cf/tidal_sea_surface_height_above_mean_lower_low_water` is defined,1,mohc-cvs (1)
mip/tidal_sea_surface_height_above_mean_low_water_springs,CF name in MIP space,`variables/cf/tidal_sea_surface_height_above_mean_low_water_springs` is defined,1,mohc-cvs (1)
mip/tidal_sea_surface_height_above_mean_sea_level,CF name in MIP space,`variables/cf/tidal_sea_surface_height_above_mean_sea_level` is defined,1,mohc-cvs (1)
mip/non_tidal_elevation_of_sea_surface_height,CF name in MIP space,`variables/cf/non_tidal_elevation_of_sea_surface_height` is defined,1,mohc-cvs (1)
cf/isotope_ratio_of_2H_to_1H_in_sea_water_excluding_solutes_and_solids,CF name not defined,,1,cmip6/cmor-tables (1)
mip/sic,CMIP5 name,"`sea_ice_area_fraction`; CMIP6 variables with this standard name: siconc, siconca, siitdconc",3350,cordex-cmip5/datasets (1858); cmip5/datasets (1492)
mip/sit,CMIP5 name,"`sea_ice_thickness`; CMIP6 variables with this standard name: siitdthick, sirdgthick, sithick, sivol",1473,cmip5/datasets (1473)
mip/transix,CMIP5 name,`sea_ice_x_transport`; CMIP6 variables with this standard name: sidmasstranx,824,cmip5/datasets (824)
mip/transiy,CMIP5 name,`sea_ice_y_transport`; CMIP6 variables with this standard name: sidmasstrany,824,cmip5/datasets (824)
mip/sconcbc,CMIP5 name,`mass_concentration_of_black_carbon_dry_aerosol_in_air`; no CMIP6 variable with this standard name,714,cmip5/datasets (714)
mip/zosga,CMIP5 name,`global_average_sea_level_change`; no CMIP6 variable with this standard name,701,cmip5/datasets (701)
mip/mrlsl,CMIP5 name,`moisture_content_of_soil_layer`; no CMIP6 variable with this standard name,687,cmip5/datasets (687)
mip/zossga,CMIP5 name,`global_average_steric_sea_level_change`; no CMIP6 variable with this standard name,647,cmip5/datasets (647)
mip/concbc,CMIP5 name,`mass_concentration_of_black_carbon_dry_aerosol_in_air`; no CMIP6 variable with this standard name,633,cmip5/datasets (633)
mip/concso4,CMIP5 name,`mass_concentration_of_sulfate_dry_aerosol_in_air`; no CMIP6 variable with this standard name,633,cmip5/datasets (633)
mip/rhopoto,CMIP5 name,`sea_water_potential_density`; no CMIP6 variable with this standard name,596,cmip5/datasets (596)
mip/tro3,CMIP5 name,"`mole_fraction_of_ozone_in_air`; CMIP6 variables with this standard name: o3, o3ste, sfo3, sfo3max",589,cmip5/datasets (589)
mip/rhs,CMIP5 name,"`relative_humidity`; CMIP6 variables with this standard name: hur, hurs, hursmax, hursmin",534,cmip5/datasets (534)
mip/usi,CMIP5 name,`sea_ice_x_velocity`; CMIP6 variables with this standard name: siu,528,cmip5/datasets (528)
mip/vsi,CMIP5 name,`sea_ice_y_velocity`; CMIP6 variables with this standard name: siv,528,cmip5/datasets (528)
mip/concss,CMIP5 name,`mass_concentration_of_seasalt_dry_aerosol_in_air`; no CMIP6 variable with this standard name,528,cmip5/datasets (528)
mip/evap,CMIP5 name,`water_evaporation_flux`; no CMIP6 variable with this standard name,516,cmip5/datasets (516)
mip/tsice,CMIP5 name,"`surface_temperature`; CMIP6 variables with this standard name: tgs, tr, ts, tsIs",513,cmip5/datasets (513)
mip/msftmyz,CMIP5 name,"`ocean_meridional_overturning_mass_streamfunction`; CMIP6 variables with this standard name: msftmrho, msftmz",506,cmip5/datasets (506)
mip/rhsmax,CMIP5 name,"`relative_humidity`; CMIP6 variables with this standard name: hur, hurs, hursmax, hursmin",501,cmip5/datasets (501)
mip/rhsmin,CMIP5 name,"`relative_humidity`; CMIP6 variables with this standard name: hur, hurs, hursmax, hursmin",501,cmip5/datasets (501)
mip/wmosq,CMIP5 name,`square_of_upward_ocean_mass_transport`; no CMIP6 variable with this standard name,494,cmip5/datasets (494)
mip/strairx,CMIP5 name,`surface_downward_x_stress`; CMIP6 variables with this standard name: sistrxdtop,472,cmip5/datasets (472)
mip/strairy,CMIP5 name,`surface_downward_y_stress`; CMIP6 variables with this standard name: sistrydtop,472,cmip5/datasets (472)
mip/snoToIce,CMIP5 name,`tendency_of_sea_ice_amount_due_to_snow_conversion`; no CMIP6 variable with this standard name,452,cmip5/datasets (452)
mip/sconcoa,CMIP5 name,`mass_concentration_of_particulate_organic_matter_dry_aerosol_in_air`; no CMIP6 variable with this standard name,426,cmip5/datasets (426)
mip/omlmax,CMIP5 name,`ocean_mixed_layer_thickness_defined_by_mixing_scheme`; CMIP6 variables with this standard name: omldamax,423,cmip5/datasets (423)
mip/concdms,CMIP5 name,`mole_fraction_of_dimethyl_sulfide_in_air`; CMIP6 variables with this standard name: dms,420,cmip5/datasets (420)
mip/concso2,CMIP5 name,`mole_fraction_of_sulfur_dioxide_in_air`; CMIP6 variables with this standard name: so2,420,cmip5/datasets (420)
mip/sim,CMIP5 name,`sea_ice_and_surface_snow_amount`; no CMIP6 variable with this standard name,418,cmip5/datasets (418)
mip/concoa,CMIP5 name,`mass_concentration_of_particulate_organic_matter_dry_aerosol_in_air`; no CMIP6 variable with this standard name,402,cmip5/datasets (402)
mip/hfsithermds,CMIP5 name,`heat_flux_into_sea_water_due_to_sea_ice_thermodynamics`; no CMIP6 variable with this standard name,388,cmip5/datasets (388)
mip/snomelt,CMIP5 name,"`surface_snow_melt_flux`; CMIP6 variables with this standard name: sndmassmelt, snm, snmIs",379,cmip5/datasets (379)
mip/grFrazil,CMIP5 name,`tendency_of_sea_ice_amount_due_to_frazil_ice_accumulation_in_leads`; CMIP6 variables with this standard name: sidmassgrowthwat,345,cmip5/datasets (345)
mip/rsdssi,CMIP5 name,"`surface_downwelling_shortwave_flux_in_air`; CMIP6 variables with this standard name: rsds, rsdsIs, siflswdtop",344,cmip5/datasets (344)
mip/bmelt,CMIP5 name,`tendency_of_sea_ice_amount_due_to_basal_melting`; CMIP6 variables with this standard name: sidmassmeltbot,333,cmip5/datasets (333)
mip/tmelt,CMIP5 name,`tendency_of_sea_ice_amount_due_to_surface_melting`; CMIP6 variables with this standard name: sidmassmelttop,333,cmip5/datasets (333)
mip/tso,CMIP5 name,"`sea_surface_temperature`; CMIP6 variables with this standard name: tos, tosga",267,cmip5/datasets (267)
mip/grCongel,CMIP5 name,`tendency_of_sea_ice_amount_due_to_congelation_ice_accumulation`; CMIP6 variables with this standard name: sidmassgrowthbot,262,cmip5/datasets (262)
mip/strocnx,CMIP5 name,`upward_x_stress_at_sea_ice_base`; CMIP6 variables with this standard name: sistrxubot,262,cmip5/datasets (262)
mip/strocny,CMIP5 name,`upward_y_stress_at_sea_ice_base`; CMIP6 variables with this standard name: sistryubot,262,cmip5/datasets (262)
mip/sconcsoa,CMIP5 name,`mass_concentration_of_secondary_particulate_organic_matter_dry_aerosol_in_air`; no CMIP6 variable with this standard name,256,cmip5/datasets (256)
mip/transifs,CMIP5 name,`sea_ice_transport_across_line`; CMIP6 variables with this standard name: simassacrossline,247,cmip5/datasets (247)
mip/grLateral,CMIP5 name,`tendency_of_sea_ice_amount_due_to_lateral_growth_of_ice_floes`; no CMIP6 variable with this standard name,241,cmip5/datasets (241)
mip/concsoa,CMIP5 name,`mass_concentration_of_secondary_particulate_organic_matter_dry_aerosol_in_air`; no CMIP6 variable with this standard name,230,cmip5/datasets (230)
mip/hfxba,CMIP5 name,`ocean_heat_x_transport_due_to_bolus_advection`; no CMIP6 variable with this standard name,229,cmip5/datasets (229)
mip/hfxdiff,CMIP5 name,`ocean_heat_x_transport_due_to_diffusion`; no CMIP6 variable with this standard name,229,cmip5/datasets (229)
mip/hfyba,CMIP5 name,`ocean_heat_y_transport_due_to_bolus_advection`; no CMIP6 variable with this standard name,229,cmip5/datasets (229)
mip/hfydiff,CMIP5 name,`ocean_heat_y_transport_due_to_diffusion`; no CMIP6 variable with this standard name,229,cmip5/datasets (229)
mip/msftmyzba,CMIP5 name,`ocean_meridional_overturning_mass_streamfunction_due_to_bolus_advection`; no CMIP6 variable with this standard name,225,cmip5/datasets (225)
mip/ialb,CMIP5 name,`sea_ice_albedo`; no CMIP6 variable with this standard name,223,cmip5/datasets (223)
mip/sblsi,CMIP5 name,`surface_snow_and_ice_sublimation_flux`; no CMIP6 variable with this standard name,222,cmip5/datasets (222)
mip/sconcpoa,CMIP5 name,`mass_concentration_of_primary_particulate_organic_matter_dry_aerosol_in_air`; no CMIP6 variable with this standard name,221,cmip5/datasets (221)
mip/concpoa,CMIP5 name,`mass_concentration_of_primary_particulate_organic_matter_dry_aerosol_in_air`; no CMIP6 variable with this standard name,220,cmip5/datasets (220)
mip/drypoa,CMIP5 name,`tendency_of_atmosphere_mass_content_of_primary_particulate_organic_matter_dry_aerosol_due_to_dry_deposition`; no CMIP6 variable with this standard name,218,cmip5/datasets (218)
mip/concbb,CMIP5 name,`mass_concentration_of_biomass_burning_dry_aerosol_in_air`; no CMIP6 variable with this standard name,207,cmip5/datasets (207)
mip/msftyrhoz,CMIP5 name,"`ocean_y_overturning_mass_streamfunction`; CMIP6 variables with this standard name: msftyrho, msftyz",203,cmip5/datasets (203)
mip/msftyrhozba,CMIP5 name,`ocean_y_overturning_mass_streamfunction_due_to_bolus_advection`; no CMIP6 variable with this standard name,203,cmip5/datasets (203)
mip/drydms,CMIP5 name,`tendency_of_atmosphere_mass_content_of_dimethyl_sulfide_due_to_dry_deposition`; no CMIP6 variable with this standard name,203,cmip5/datasets (203)
mip/emibb,CMIP5 name,`tendency_of_atmosphere_mass_content_of_primary_particulate_organic_matter_dry_aerosol_due_to_emission`; no CMIP6 variable with this standard name,198,cmip5/datasets (198)
mip/wetpoa,CMIP5 name,`tendency_of_atmosphere_mass_content_of_primary_particulate_organic_matter_dry_aerosol_due_to_wet_deposition`; no CMIP6 variable with this standard name,195,cmip5/datasets (195)
mip/tsnint,CMIP5 name,"`sea_ice_surface_temperature`; CMIP6 variables with this standard name: sitempsnic, sitemptop",187,cmip5/datasets (187)
mip/inc,CMIP5 name,`number_concentration_of_ice_crystals_in_air`; no CMIP6 variable with this standard name,184,cmip5/datasets (184)
mip/intpdiat,CMIP5 name,`net_primary_mole_productivity_of_carbon_by_diatoms`; no CMIP6 variable with this standard name,183,cmip5/datasets (183)
mip/intpmisc,CMIP5 name,`net_primary_mole_productivity_of_carbon_by_miscellaneous_phytoplankton`; no CMIP6 variable with this standard name,183,cmip5/datasets (183)
mip/msftyyz,CMIP5 name,"`ocean_y_overturning_mass_streamfunction`; CMIP6 variables with this standard name: msftyrho, msftyz",182,cmip5/datasets (182)
mip/rsussi,CMIP5 name,"`surface_upwelling_shortwave_flux_in_air`; CMIP6 variables with this standard name: rsus, rsusIs, rsusLut, siflswutop",182,cmip5/datasets (182)
mip/msftmrhoz,CMIP5 name,"`ocean_meridional_overturning_mass_streamfunction`; CMIP6 variables with this standard name: msftmrho, msftmz",177,cmip5/datasets (177)
mip/pdi,CMIP5 name,`tendency_of_mole_concentration_of_particulate_organic_matter_expressed_as_carbon_in_sea_water_due_to_net_primary_production_by_diatoms`; CMIP6 variables with this standard name: ppdiat,175,cmip5/datasets (175)
mip/intpnitrate,CMIP5 name,`net_primary_mole_productivity_of_carbon_due_to_nitrate_utilization`; no CMIP6 variable with this standard name,171,cmip5/datasets (171)
mip/emipoa,CMIP5 name,`tendency_of_atmosphere_mass_content_of_primary_particulate_organic_matter_dry_aerosol_due_to_emission`; no CMIP6 variable with this standard name,164,cmip5/datasets (164)
mip/frc,CMIP5 name,`tendency_of_ocean_mole_content_of_carbon_due_to_sedimentation`; no CMIP6 variable with this standard name,160,cmip5/datasets (160)
mip/drysoa,CMIP5 name,`tendency_of_atmosphere_mass_content_of_secondary_particulate_organic_matter_dry_aerosol_due_to_dry_deposition`; no CMIP6 variable with this standard name,158,cmip5/datasets (158)
mip/msftyyzba,CMIP5 name,`ocean_y_overturning_mass_streamfunction_due_to_bolus_advection`; no CMIP6 variable with this standard name,155,cmip5/datasets (155)
mip/streng,CMIP5 name,`compressive_strength_of_sea_ice`; CMIP6 variables with this standard name: sicompstren,153,cmip5/datasets (153)
mip/rldssi,CMIP5 name,"`surface_downwelling_longwave_flux_in_air`; CMIP6 variables with this standard name: rlds, rldsIs, sifllwdtop",143,cmip5/datasets (143)
mip/msftmrhozba,CMIP5 name,`ocean_meridional_overturning_mass_streamfunction_due_to_bolus_advection`; no CMIP6 variable with this standard name,140,cmip5/datasets (140)
mip/concnh4,CMIP5 name,`mass_concentration_of_ammonium_dry_aerosol_in_air`; no CMIP6 variable with this standard name,138,cmip5/datasets (138)
mip/concno3,CMIP5 name,`mass_concentration_of_nitrate_dry_aerosol_in_air`; no CMIP6 variable with this standard name,138,cmip5/datasets (138)
mip/sconcnh4,CMIP5 name,`mass_concentration_of_ammonium_dry_aerosol_in_air`; no CMIP6 variable with this standard name,138,cmip5/datasets (138)
mip/sconcno3,CMIP5 name,`mass_concentration_of_nitrate_dry_aerosol_in_air`; no CMIP6 variable with this standard name,138,cmip5/datasets (138)
mip/hfbasinba,CMIP5 name,`northward_ocean_heat_transport_due_to_bolus_advection`; no CMIP6 variable with this standard name,137,cmip5/datasets (137)
mip/hfbasindiff,CMIP5 name,`northward_ocean_heat_transport_due_to_diffusion`; no CMIP6 variable with this standard name,137,cmip5/datasets (137)
mip/wetsoa,CMIP5 name,`tendency_of_atmosphere_mass_content_of_secondary_particulate_organic_matter_dry_aerosol_due_to_wet_deposition`; no CMIP6 variable with this standard name,135,cmip5/datasets (135)
mip/ssi,CMIP5 name,`sea_ice_salinity`; CMIP6 variables with this standard name: sisali,116,cmip5/datasets (116)
mip/phypmisc,CMIP5 name,`tendency_of_mole_concentration_of_particulate_organic_matter_expressed_as_carbon_in_sea_water_due_to_net_primary_production_by_miscellaneous_phytoplankton`; CMIP6 variables with this standard name: ppmisc,115,cmip5/datasets (115)
mip/hcice,CMIP5 name,`integral_of_sea_ice_temperature_wrt_depth_expressed_as_heat_content`; no CMIP6 variable with this standard name,111,cmip5/datasets (111)
mip/burntArea,CMIP5 name,"`area_fraction`; CMIP6 variables with this standard name: baresoilFrac, burntFractionAll, c3PftFrac, c4PftFrac",103,cmip5/datasets (103)
mip/divice,CMIP5 name,`divergence_of_sea_ice_velocity`; CMIP6 variables with this standard name: sidivvel,96,cmip5/datasets (96)
mip/expcfe,CMIP5 name,"`sinking_mole_flux_of_particulate_iron_in_sea_water`; CMIP6 variables with this standard name: epfe100, expfe",91,cmip5/datasets (91)
mip/wetdms,CMIP5 name,`tendency_of_atmosphere_mass_content_of_dimethyl_sulfide_due_to_wet_deposition`; no CMIP6 variable with this standard name,84,cmip5/datasets (84)
mip/ageice,CMIP5 name,`age_of_sea_ice`; CMIP6 variables with this standard name: siage,82,cmip5/datasets (82)
mip/hflssi,CMIP5 name,"`surface_upward_latent_heat_flux`; CMIP6 variables with this standard name: hfls, hflsIs, hflsLut, sifllatstop",70,cmip5/datasets (70)
mip/hfssi,CMIP5 name,"`surface_upward_sensible_heat_flux`; CMIP6 variables with this standard name: hfss, hfssIs, hfssLut, siflsenstop",70,cmip5/datasets (70)
mip/rlussi,CMIP5 name,"`surface_upwelling_longwave_flux_in_air`; CMIP6 variables with this standard name: rlus, rlusIs, rlusLut, sifllwutop",70,cmip5/datasets (70)
mip/ridgice,CMIP5 name,`tendency_of_sea_ice_area_fraction_due_to_ridging`; no CMIP6 variable with this standard name,60,cmip5/datasets (60)
mip/intpdiaz,CMIP5 name,`net_primary_mole_productivity_of_carbon_by_diazotrophs`; no CMIP6 variable with this standard name,53,cmip5/datasets (53)
mip/intppico,CMIP5 name,`net_primary_mole_productivity_of_carbon_by_picophytoplankton`; no CMIP6 variable with this standard name,53,cmip5/datasets (53)
mip/zoocmisc,CMIP5 name,"`mole_concentration_of_miscellaneous_zooplankton_expressed_as_carbon_in_sea_water`; CMIP6 variables with this standard name: zmisc, zmiscos",51,cmip5/datasets (51)
mip/concaerh2o,CMIP5 name,`mass_concentration_of_water_in_ambient_aerosol_in_air`; no CMIP6 variable with this standard name,37,cmip5/datasets (37)
mip/fsc,CMIP5 name,`tendency_of_ocean_mole_content_of_carbon_due_to_runoff_and_sediment_dissolution`; no CMIP6 variable with this standard name,35,cmip5/datasets (35)
mip/dpocdtdiaz,CMIP5 name,`tendency_of_mole_concentration_of_particulate_organic_matter_expressed_as_carbon_in_sea_water_due_to_net_primary_production_by_diazotrophs`; no CMIP6 variable with this standard name,35,cmip5/datasets (35)
mip/dpocdtpico,CMIP5 name,`tendency_of_mole_concentration_of_particulate_organic_matter_expressed_as_carbon_in_sea_water_due_to_net_primary_production_by_picophytoplankton`; CMIP6 variables with this standard name: pppico,35,cmip5/datasets (35)
mip/intpcalc,CMIP5 name,`net_primary_mole_productivity_of_carbon_by_calcareous_phytoplankton`; no CMIP6 variable with this standard name,21,cmip5/datasets (21)
mip/evisct,CMIP5 name,`atmosphere_heat_diffusivity`; CMIP6 variables with this standard name: edt,11,cmip5/datasets (11)
mip/eviscu,CMIP5 name,`atmosphere_momentum_diffusivity`; CMIP6 variables with this standard name: evu,11,cmip5/datasets (11)
mip/tnsccwa,CMIP5 name,`tendency_of_mass_fraction_of_stratiform_cloud_condensed_water_in_air_due_to_advection`; no CMIP6 variable with this standard name,11,cmip5/datasets (11)
mip/tnsccwacr,CMIP5 name,`tendency_of_mass_fraction_of_stratiform_cloud_condensed_water_in_air_due_to_autoconversion_to_rain`; no CMIP6 variable with this standard name,11,cmip5/datasets (11)
mip/tnsccwce,CMIP5 name,`tendency_of_mass_fraction_of_stratiform_cloud_condensed_water_in_air_due_to_condensation_and_evaporation`; no CMIP6 variable with this standard name,11,cmip5/datasets (11)
mip/tnsccwif,CMIP5 name,`tendency_of_mass_fraction_of_stratiform_cloud_condensed_water_in_air_due_to_icefall`; no CMIP6 variable with this standard name,11,cmip5/datasets (11)
mip/tnsclwcd,CMIP5 name,`tendency_of_mass_fraction_of_stratiform_cloud_liquid_water_in_air_due_to_convective_detrainment`; no CMIP6 variable with this standard name,11,cmip5/datasets (11)
mip/tnsclwce,CMIP5 name,`tendency_of_mass_fraction_of_stratiform_cloud_liquid_water_in_air_due_to_condensation_and_evaporation`; no CMIP6 variable with this standard name,11,cmip5/datasets (11)
mip/ua850,CORDEX name,"CORDEX-CMIP6 (3hr, 6hr, day), CORDEX-CMIP5 (6h, day, mon)",5113,cordex-cmip5/datasets (5113)
mip/va850,CORDEX name,"CORDEX-CMIP6 (3hr, 6hr, day), CORDEX-CMIP5 (6h, day, mon)",5113,cordex-cmip5/datasets (5113)
mip/ta200,CORDEX name,"CORDEX-CMIP6 (3hr, 6hr, day), CORDEX-CMIP5 (6h, day, mon)",4999,cordex-cmip5/datasets (4999)
mip/ua500,CORDEX name,"CORDEX-CMIP6 (3hr, 6hr, day), CORDEX-CMIP5 (6h, day, mon)",4891,cordex-cmip5/datasets (4891)
mip/va500,CORDEX name,"CORDEX-CMIP6 (3hr, 6hr, day), CORDEX-CMIP5 (6h, day, mon)",4891,cordex-cmip5/datasets (4891)
mip/zg200,CORDEX name,"CORDEX-CMIP6 (3hr, 6hr, day), CORDEX-CMIP5 (6h, day, mon)",4736,cordex-cmip5/datasets (4736)
mip/ua200,CORDEX name,"CORDEX-CMIP6 (3hr, 6hr, day), CORDEX-CMIP5 (6h, day, mon)",4665,cordex-cmip5/datasets (4665)
mip/va200,CORDEX name,"CORDEX-CMIP6 (3hr, 6hr, day), CORDEX-CMIP5 (6h, day, mon)",4664,cordex-cmip5/datasets (4664)
mip/sund,CORDEX name,"CORDEX-CMIP6 (day, mon), CORDEX-CMIP5 (3h, day, mon)",4578,cordex-cmip5/datasets (4578)
mip/clh,CORDEX name,"CORDEX-CMIP6 (6hr, day, mon), CORDEX-CMIP5 (6h, day)",1808,cordex-cmip5/datasets (1808)
mip/cll,CORDEX name,"CORDEX-CMIP6 (6hr, day, mon), CORDEX-CMIP5 (6h, day)",1808,cordex-cmip5/datasets (1808)
mip/clm,CORDEX name,"CORDEX-CMIP6 (6hr, day, mon), CORDEX-CMIP5 (6h, day)",1798,cordex-cmip5/datasets (1798)
mip/wsgsmax,CORDEX name,"CORDEX-CMIP6 (day, mon), CORDEX-CMIP5 (day)",1450,cordex-cmip5/datasets (1450)
mip/zg850,CORDEX name,"CORDEX-CMIP6 (3hr, 6hr, day)",936,cordex-cmip5/datasets (936)
mip/hus200,CORDEX name,"CORDEX-CMIP6 (3hr, 6hr, day)",880,cordex-cmip5/datasets (880)
mip/hus500,CORDEX name,"CORDEX-CMIP6 (3hr, 6hr, day)",802,cordex-cmip5/datasets (802)
mip/zg925,CORDEX name,"CORDEX-CMIP6 (3hr, 6hr, day)",782,cordex-cmip5/datasets (782)
mip/ua700,CORDEX name,"CORDEX-CMIP6 (3hr, 6hr, day)",778,cordex-cmip5/datasets (778)
mip/va700,CORDEX name,"CORDEX-CMIP6 (3hr, 6hr, day)",778,cordex-cmip5/datasets (778)
mip/zg700,CORDEX name,"CORDEX-CMIP6 (3hr, 6hr, day)",777,cordex-cmip5/datasets (777)
mip/hus925,CORDEX name,"CORDEX-CMIP6 (3hr, 6hr, day)",773,cordex-cmip5/datasets (773)
mip/ta925,CORDEX name,"CORDEX-CMIP6 (3hr, 6hr, day)",773,cordex-cmip5/datasets (773)
mip/ua925,CORDEX name,"CORDEX-CMIP6 (3hr, 6hr, day)",773,cordex-cmip5/datasets (773)
mip/va925,CORDEX name,"CORDEX-CMIP6 (3hr, 6hr, day)",773,cordex-cmip5/datasets (773)
mip/hus700,CORDEX name,"CORDEX-CMIP6 (3hr, 6hr, day)",767,cordex-cmip5/datasets (767)
mip/hus300,CORDEX name,"CORDEX-CMIP6 (3hr, 6hr, day)",712,cordex-cmip5/datasets (712)
mip/hus400,CORDEX name,"CORDEX-CMIP6 (3hr, 6hr, day)",712,cordex-cmip5/datasets (712)
mip/hus600,CORDEX name,"CORDEX-CMIP6 (3hr, 6hr, day)",712,cordex-cmip5/datasets (712)
mip/ta300,CORDEX name,"CORDEX-CMIP6 (3hr, 6hr, day)",712,cordex-cmip5/datasets (712)
mip/ta400,CORDEX name,"CORDEX-CMIP6 (3hr, 6hr, day)",712,cordex-cmip5/datasets (712)
mip/ta600,CORDEX name,"CORDEX-CMIP6 (3hr, 6hr, day)",712,cordex-cmip5/datasets (712)
mip/ua300,CORDEX name,"CORDEX-CMIP6 (3hr, 6hr, day)",712,cordex-cmip5/datasets (712)
mip/ua400,CORDEX name,"CORDEX-CMIP6 (3hr, 6hr, day)",712,cordex-cmip5/datasets (712)
mip/ua600,CORDEX name,"CORDEX-CMIP6 (3hr, 6hr, day)",712,cordex-cmip5/datasets (712)
mip/va300,CORDEX name,"CORDEX-CMIP6 (3hr, 6hr, day)",712,cordex-cmip5/datasets (712)
mip/va400,CORDEX name,"CORDEX-CMIP6 (3hr, 6hr, day)",712,cordex-cmip5/datasets (712)
mip/va600,CORDEX name,"CORDEX-CMIP6 (3hr, 6hr, day)",712,cordex-cmip5/datasets (712)
mip/zg300,CORDEX name,"CORDEX-CMIP6 (3hr, 6hr, day)",712,cordex-cmip5/datasets (712)
mip/zg400,CORDEX name,"CORDEX-CMIP6 (3hr, 6hr, day)",712,cordex-cmip5/datasets (712)
mip/zg600,CORDEX name,"CORDEX-CMIP6 (3hr, 6hr, day)",712,cordex-cmip5/datasets (712)
mip/hus100,CORDEX name,"CORDEX-CMIP6 (3hr, 6hr, day)",158,cordex-cmip5/datasets (158)
mip/ta100,CORDEX name,"CORDEX-CMIP6 (3hr, 6hr, day)",158,cordex-cmip5/datasets (158)
mip/ua100,CORDEX name,"CORDEX-CMIP6 (3hr, 6hr, day)",158,cordex-cmip5/datasets (158)
mip/va100,CORDEX name,"CORDEX-CMIP6 (3hr, 6hr, day)",158,cordex-cmip5/datasets (158)
mip/zg250,CORDEX name,"CORDEX-CMIP6 (3hr, 6hr, day)",91,cordex-cmip5/datasets (91)
mip/ua250,CORDEX name,"CORDEX-CMIP6 (3hr, 6hr, day)",91,cordex-cmip5/datasets (91)
mip/va250,CORDEX name,"CORDEX-CMIP6 (3hr, 6hr, day)",91,cordex-cmip5/datasets (91)
mip/hus250,CORDEX name,"CORDEX-CMIP6 (3hr, 6hr, day)",91,cordex-cmip5/datasets (91)
mip/ta250,CORDEX name,"CORDEX-CMIP6 (3hr, 6hr, day)",91,cordex-cmip5/datasets (91)
mip/cape,CORDEX name,"CORDEX-CMIP6 (1hr, 3hr, day)",73,cordex-cmip5/datasets (73)
mip/rluscs,CORDEX name,"CORDEX-CMIP6 (6hr, day, mon)",62,cordex-cmip5/datasets (50); cmip5/datasets (12)
mip/hus50m,CORDEX name,"CORDEX-CMIP6 (1hr, day, mon)",29,cordex-cmip5/datasets (29)
mip/ta50m,CORDEX name,"CORDEX-CMIP6 (1hr, day, mon)",29,cordex-cmip5/datasets (29)
mip/ua150m,CORDEX name,"CORDEX-CMIP6 (1hr, day, mon)",29,cordex-cmip5/datasets (29)
mip/ua200m,CORDEX name,"CORDEX-CMIP6 (1hr, day, mon)",29,cordex-cmip5/datasets (29)
mip/ua250m,CORDEX name,"CORDEX-CMIP6 (1hr, day, mon)",29,cordex-cmip5/datasets (29)
mip/ua50m,CORDEX name,"CORDEX-CMIP6 (1hr, day, mon)",29,cordex-cmip5/datasets (29)
mip/va150m,CORDEX name,"CORDEX-CMIP6 (1hr, day, mon)",29,cordex-cmip5/datasets (29)
mip/va200m,CORDEX name,"CORDEX-CMIP6 (1hr, day, mon)",29,cordex-cmip5/datasets (29)
mip/va250m,CORDEX name,"CORDEX-CMIP6 (1hr, day, mon)",29,cordex-cmip5/datasets (29)
mip/va50m,CORDEX name,"CORDEX-CMIP6 (1hr, day, mon)",29,cordex-cmip5/datasets (29)
mip/tasAnom,UKCP18 variable,anomaly of `tas` (probabilistic projections),5086,ukcp18 (5086)
mip/prAnom,UKCP18 variable,anomaly of `pr` (probabilistic projections),5018,ukcp18 (5018)
mip/cltAnom,UKCP18 variable,anomaly of `clt` (probabilistic projections),5017,ukcp18 (5017)
mip/hussAnom,UKCP18 variable,anomaly of `huss` (probabilistic projections),5017,ukcp18 (5017)
mip/pslAnom,UKCP18 variable,anomaly of `psl` (probabilistic projections),5017,ukcp18 (5017)
mip/rlsAnom,UKCP18 variable,anomaly of `rls` (probabilistic projections),5017,ukcp18 (5017)
mip/rsdsAnom,UKCP18 variable,anomaly of `rsds` (probabilistic projections),5017,ukcp18 (5017)
mip/rssAnom,UKCP18 variable,anomaly of `rss` (probabilistic projections),5017,ukcp18 (5017)
mip/tasmaxAnom,UKCP18 variable,anomaly of `tasmax` (probabilistic projections),5017,ukcp18 (5017)
mip/tasminAnom,UKCP18 variable,anomaly of `tasmin` (probabilistic projections),5017,ukcp18 (5017)
mip/pr1day,UKCP18 variable,1-day total precipitation (mm) for a return period; probabilistic extremes (25km),2090,ukcp18 (2090)
mip/pr5day,UKCP18 variable,5-day total precipitation (mm) for a return period; probabilistic extremes (25km),2090,ukcp18 (2090)
mip/beta,UKCP18 variable,"soil moisture stress factor (0-100), most likely; Global (60km) soil moisture metrics",476,ukcp18 (476)
mip/naodjf,UKCP18 variable,"winter (DJF) Atlantic pressure gradient Iceland-Gibraltar, i.e. the winter NAO (hPa); circulation indices",55,ukcp18 (55)
mip/jetlat,UKCP18 variable,daily latitude of the North Atlantic jet stream (850 hPa zonal wind); circulation indices,53,ukcp18 (53)
mip/jetstr,UKCP18 variable,daily strength of the North Atlantic jet stream; circulation indices,53,ukcp18 (53)
mip/wtype30,UKCP18 variable,"daily weather type, 30-type classification; circulation indices",53,ukcp18 (53)
mip/wtype8,UKCP18 variable,"daily weather type, 8-type classification; circulation indices",53,ukcp18 (53)
mip/pr-bc,derived variant,`pr` + `-bc`,198,cordex-cmip5/datasets (198)
mip/pr-fl,derived variant,`pr` + `-fl`,198,cordex-cmip5/datasets (198)
mip/tasmax-bc,derived variant,`tasmax` + `-bc`,198,cordex-cmip5/datasets (198)
mip/tasmin-bc,derived variant,`tasmin` + `-bc`,198,cordex-cmip5/datasets (198)
mip/sfcWindmaxmax,derived variant,`sfcWindmax` + `max`,180,cordex-cmip5/datasets (180)
mip/tasmaxts,derived variant,`tasmax` + `ts`,20,cordex-cmip5/datasets (20)
mip/tasmints,derived variant,`tasmin` + `ts`,20,cordex-cmip5/datasets (20)
mip/tsmax,derived variant,`ts` + `max`,20,cordex-cmip5/datasets (20)
mip/tsmin,derived variant,`ts` + `min`,20,cordex-cmip5/datasets (20)
mip/mrso%20,encoding error,`mrso` is defined,2,mohc-cvs (2)
mip/va975,level variant,`va` at `975`,91,cordex-cmip5/datasets (91)
mip/zg975,level variant,`zg` at `975`,91,cordex-cmip5/datasets (91)
mip/ua975,level variant,`ua` at `975`,91,cordex-cmip5/datasets (91)
mip/hus975,level variant,`hus` at `975`,91,cordex-cmip5/datasets (91)
mip/ta975,level variant,`ta` at `975`,91,cordex-cmip5/datasets (91)
mip/hur200,level variant,`hur` at `200`,51,cordex-cmip5/datasets (51)
mip/hur500,level variant,`hur` at `500`,51,cordex-cmip5/datasets (51)
mip/hur850,level variant,`hur` at `850`,51,cordex-cmip5/datasets (51)
mip/cltc100,level variant,`cltc` at `100`,40,cordex-cmip5/datasets (40)
mip/hur700,level variant,`hur` at `700`,36,cordex-cmip5/datasets (36)
mip/hur925,level variant,`hur` at `925`,31,cordex-cmip5/datasets (31)
mip/cdnc200,level variant,`cdnc` at `200`,30,cordex-cmip5/datasets (30)
mip/cdnc500,level variant,`cdnc` at `500`,30,cordex-cmip5/datasets (30)
mip/cdnc700,level variant,`cdnc` at `700`,30,cordex-cmip5/datasets (30)
mip/cdnc850,level variant,`cdnc` at `850`,30,cordex-cmip5/datasets (30)
mip/cdnc925,level variant,`cdnc` at `925`,30,cordex-cmip5/datasets (30)
mip/wap200,level variant,`wap` at `200`,30,cordex-cmip5/datasets (30)
mip/wap700,level variant,`wap` at `700`,30,cordex-cmip5/datasets (30)
mip/wap850,level variant,`wap` at `850`,30,cordex-cmip5/datasets (30)
mip/wap925,level variant,`wap` at `925`,30,cordex-cmip5/datasets (30)
mip/zg100m,level variant,`zg` at `100m`,29,cordex-cmip5/datasets (29)
mip/zg150m,level variant,`zg` at `150m`,29,cordex-cmip5/datasets (29)
mip/zg200m,level variant,`zg` at `200m`,29,cordex-cmip5/datasets (29)
mip/zg250m,level variant,`zg` at `250m`,29,cordex-cmip5/datasets (29)
mip/zg50m,level variant,`zg` at `50m`,29,cordex-cmip5/datasets (29)
mip/ensemble_member,not a variable,netCDF auxiliary/coordinate variable,12156,ukcp18 (12156)
mip/gridspec,not a variable,netCDF auxiliary/coordinate variable,73,cmip5/datasets (73)
mip/crs,not a variable,netCDF auxiliary/coordinate variable,40,cordex-cmip5/datasets (40)
mip/soil_bounds,not a variable,netCDF auxiliary/coordinate variable,31,cordex-cmip5/datasets (31)
mip/soil_layer,not a variable,netCDF auxiliary/coordinate variable,31,cordex-cmip5/datasets (31)
mip/var__,placeholder,,133,ukcp18 (133)
mip/sst,synonym,`tos` (defined),319,cordex-cmip5/datasets (319)
mip/u200,synonym,`ua200` (not defined either),78,cordex-cmip5/datasets (78)
mip/u500,synonym,`ua500` (not defined either),78,cordex-cmip5/datasets (78)
mip/u850,synonym,`ua850` (not defined either),78,cordex-cmip5/datasets (78)
mip/v200,synonym,`va200` (not defined either),78,cordex-cmip5/datasets (78)
mip/v500,synonym,`va500` (not defined either),78,cordex-cmip5/datasets (78)
mip/v850,synonym,`va850` (not defined either),78,cordex-cmip5/datasets (78)
mip/tmin,synonym,`tasmin` (defined),1,mohc-cvs (1)
mip/tmax,synonym,`tasmax` (defined),1,mohc-cvs (1)
mip/hfsifrazil2d,table entry name,CMOR table entry whose variable name is `hfsifrazil` (defined),24,cmip5/datasets (24)
mip/hfsithermds2d,table entry name,CMOR table entry whose variable name is `hfsithermds`,20,cmip5/datasets (20)
mip/alb,unknown,,358,cordex-cmip5/datasets (358)
mip/apet,unknown,,198,cordex-cmip5/datasets (198)
mip/tds,unknown,,80,cordex-cmip5/datasets (80)
mip/rtoa,unknown,,44,cmip5/datasets (44)
mip/zo,unknown,,41,cordex-cmip5/datasets (41)
mip/icod,unknown,,40,cordex-cmip5/datasets (40)
mip/lcod,unknown,,40,cordex-cmip5/datasets (40)
mip/cdnctop,unknown,,37,cordex-cmip5/datasets (37)
mip/mrsosat,unknown,,30,cordex-cmip5/datasets (30)
mip/mrsowp,unknown,,30,cordex-cmip5/datasets (30)
mip/heightv,unknown,,21,cordex-cmip5/datasets (21)
mip/aclwdnt,unknown,,20,cordex-cmip5/datasets (20)
mip/hufs,unknown,,20,cordex-cmip5/datasets (20)
mip/mross,unknown,,20,cordex-cmip5/datasets (20)
mip/prls,unknown,,20,cordex-cmip5/datasets (20)
mip/snownc,unknown,,20,cordex-cmip5/datasets (20)
mip/ustar,unknown,,20,cordex-cmip5/datasets (20)
mip/pbp,unknown,,20,cmip5/datasets (20)
mip/orograw,unknown,,16,cmip5/datasets (16)
mip/albs,unknown,,16,cmip5/datasets (16)
mip/thetapw1000,unknown,,15,cordex-cmip5/datasets (15)
mip/thetapw700,unknown,,15,cordex-cmip5/datasets (15)
mip/thetapw850,unknown,,15,cordex-cmip5/datasets (15)
mip/thetapw925,unknown,,15,cordex-cmip5/datasets (15)
mip/clfr200,unknown,,15,cordex-cmip5/datasets (15)
mip/clfr500,unknown,,15,cordex-cmip5/datasets (15)
mip/clfr850,unknown,,15,cordex-cmip5/datasets (15)
mip/clice200,unknown,,15,cordex-cmip5/datasets (15)
mip/clice500,unknown,,15,cordex-cmip5/datasets (15)
mip/clice850,unknown,,15,cordex-cmip5/datasets (15)
mip/clwmr200,unknown,,15,cordex-cmip5/datasets (15)
mip/clwmr500,unknown,,15,cordex-cmip5/datasets (15)
mip/clwmr850,unknown,,15,cordex-cmip5/datasets (15)
mip/clfr,unknown,,7,cordex-cmip5/datasets (7)
mip/clice,unknown,,7,cordex-cmip5/datasets (7)
mip/clwmr,unknown,,7,cordex-cmip5/datasets (7)
mip/lm,unknown,,4,cmip5/datasets (4)
mip/swit,unknown,,4,cmip5/datasets (4)
